Title,Price,ShortDesc,Link
Stunning double room with en-suite available,£900pcm,Double roomWandsworth (SW18),/flatshare/flatshare_detail.pl?flatshare_id=16303990&search_id=1177415351&city_id=&flatshare_type=offered&search_results=%2Fflatshare%2F%3Foffset%3D10%26search_id%3D1177415351%26sort_by%3Dby_day%26mode%3Dlist&
Casa Italia - Strategic Wandsworth  - W. Park  ,£820pcm,Double roomWandsworth (SW18),/flatshare/flatshare_detail.pl?flatshare_id=1026266&search_id=1177415351&city_id=&flatshare_type=offered&search_results=%2Fflatshare%2F%3Foffset%3D10%26search_id%3D1177415351%26sort_by%3Dby_day%26mode%3Dlist&
"5 Bedroom, 2 Bathroom House - Wandsworth","£4,000 pcm",5 bed houseWandsworth (SW18),/flatshare/flatshare_detail.pl?flatshare_id=16271934&search_id=1177415351&city_id=&flatshare_type=offered&search_results=%2Fflatshare%2F%3Foffset%3D10%26search_id%3D1177415351%26sort_by%3Dby_day%26mode%3Dlist&
Large Double Room available in Wandsworth,"£1,200pcm",Double roomWandsworth (SW18),/flatshare/flatshare_detail.pl?flatshare_id=16471031&search_id=1177415351&city_id=&flatshare_type=offered&search_results=%2Fflatshare%2F%3Foffset%3D10%26search_id%3D1177415351%26sort_by%3Dby_day%26mode%3Dlist&
Bright Room in Wandsworth 2 Mins from the Common,£700pcm,Double roomWandsworth (SW18),/flatshare/flatshare_detail.pl?flatshare_id=15277299&search_id=1177415351&city_id=&flatshare_type=offered&search_results=%2Fflatshare%2F%3Foffset%3D10%26search_id%3D1177415351%26sort_by%3Dby_day%26mode%3Dlist&
Lovely double room in friendly Wandsworth house,£600pcm,Double roomWandsworth (SW18),/flatshare/flatshare_detail.pl?flatshare_id=16469983&search_id=1177415351&city_id=&flatshare_type=offered&search_results=%2Fflatshare%2F%3Foffset%3D10%26search_id%3D1177415351%26sort_by%3Dby_day%26mode%3Dlist&
Cozy room in a 2bedroom shared flat in Wandsworth ,"£1,030pcm",Double roomWandsworth (SW18),/flatshare/flatshare_detail.pl?flatshare_id=16391969&search_id=1177415351&city_id=&flatshare_type=offered&search_results=%2Fflatshare%2F%3Foffset%3D10%26search_id%3D1177415351%26sort_by%3Dby_day%26mode%3Dlist&
2-bedroom Flat available next to Wandsworth Common,"£1,700 pcm",2 bed flatWandsworth (SW18),/flatshare/flatshare_detail.pl?flatshare_id=16467914&search_id=1177415351&city_id=&flatshare_type=offered&search_results=%2Fflatshare%2F%3Foffset%3D10%26search_id%3D1177415351%26sort_by%3Dby_day%26mode%3Dlist&
" Room Wandsworth, M-F 22/10 £350pm *for female onl",£350pcm,Single roomWandsworth (SW18),/flatshare/flatshare_detail.pl?flatshare_id=10895335&search_id=1177415351&city_id=&flatshare_type=offered&search_results=%2Fflatshare%2F%3Foffset%3D10%26search_id%3D1177415351%26sort_by%3Dby_day%26mode%3Dlist&
Spacious double room in 3 bed house,£850pcm,Double roomWandsworth (SW18),/flatshare/flatshare_detail.pl?flatshare_id=10664656&search_id=1177415351&city_id=&flatshare_type=offered&search_results=%2Fflatshare%2F%3Foffset%3D10%26search_id%3D1177415351%26sort_by%3Dby_day%26mode%3Dlist&
